{"cameraMode":{"drawMode":0,"name":"Shaded","section":"Shading Mode"},"sceneLighting":true,"audioPlay":false,"sceneViewState":{"m_AlwaysRefresh":false,"showFog":true,"showSkybox":true,"showFlares":true,"showImageEffects":true,"showParticleSystems":true,"showVisualEffectGraphs":true,"m_FxEnabled":true},"in2DMode":false,"pivot":{"x":192.81361389160157,"y":204.41793823242188,"z":-107.16241455078125},"rotation":{"x":-0.17780771851539613,"y":-0.024505773559212686,"z":0.0044090356677770618,"w":-0.983770489692688},"size":10.766414642333985,"orthographic":false}